{
  "psnr_hole": 14.490463733673096,
  "l1_hole": 0.1981091946363449
}